timestamp,key,event_type
1787477000.0,e3f4a5b6,press
1787477000.2797,e3f4a5b6,release
1787477000.6304,e3f4a5b6,press
1787477000.9476,e3f4a5b6,release
1787477001.5418,e3f4a5b6,press
1787477001.7706,e3f4a5b6,release
1787477002.1622,f1a2b3c4,press
1787477002.4788,f1a2b3c4,release
1787477002.9211,b9c1d2e5,press
1787477003.2061,b9c1d2e5,release
1787477003.9017,b9c1d2e5,press
1787477004.2163,b9c1d2e5,release
1787477004.853,e3f4a5b6,press
1787477005.1511,e3f4a5b6,release
1787477005.7441,c7d8e9f0,press
1787477006.0158,c7d8e9f0,release
1787477006.6329,a8f2b3e4,press
1787477006.9357,a8f2b3e4,release
1787477007.3494,e3f4a5b6,press
1787477007.6583,e3f4a5b6,release
1787477008.275,e3f4a5b6,press
1787477008.5103,e3f4a5b6,release
1787477009.0278,a8f2b3e4,press
1787477009.3116,a8f2b3e4,release
1787477009.9077,e3f4a5b6,press
1787477010.208,e3f4a5b6,release
1787477010.8494,c7d8e9f0,press
1787477011.1926,c7d8e9f0,release
1787477011.842,f1a2b3c4,press
1787477012.0838,f1a2b3c4,release
1787477012.5311,b9c1d2e5,press
1787477012.8102,b9c1d2e5,release
1787477013.2368,f1a2b3c4,press
1787477013.5176,f1a2b3c4,release
1787477013.9716,c7d8e9f0,press
1787477014.3171,c7d8e9f0,release
1787477014.6754,c7d8e9f0,press
1787477014.9979,c7d8e9f0,release
1787477015.3923,c7d8e9f0,press
1787477015.7638,c7d8e9f0,release
1787477016.3606,b9c1d2e5,press
1787477016.6978,b9c1d2e5,release
1787477017.209,f1a2b3c4,press
1787477017.5054,f1a2b3c4,release
1787477018.0954,f1a2b3c4,press
1787477018.4517,f1a2b3c4,release
1787477019.0733,c7d8e9f0,press
1787477019.3844,c7d8e9f0,release
1787477019.8978,a8f2b3e4,press
1787477020.1968,a8f2b3e4,release
1787477020.8957,a8f2b3e4,press
1787477021.2587,a8f2b3e4,release
1787477021.7054,f1a2b3c4,press
1787477022.0816,f1a2b3c4,release
1787477022.4611,b9c1d2e5,press
1787477022.7952,b9c1d2e5,release
1787477023.1656,f1a2b3c4,press
1787477023.5014,f1a2b3c4,release
1787477024.1762,f1a2b3c4,press
1787477024.444,f1a2b3c4,release
1787477024.9169,f1a2b3c4,press
1787477025.2026,f1a2b3c4,release
1787477025.7254,a8f2b3e4,press
1787477026.0854,a8f2b3e4,release
1787477026.4543,a8f2b3e4,press
1787477026.6932,a8f2b3e4,release
1787477027.1179,c7d8e9f0,press
1787477027.4097,c7d8e9f0,release
1787477027.7674,a8f2b3e4,press
1787477028.0204,a8f2b3e4,release
1787477028.5575,e3f4a5b6,press
1787477028.8286,e3f4a5b6,release
1787477029.1904,c7d8e9f0,press
1787477029.517,c7d8e9f0,release
1787477029.9969,c7d8e9f0,press
1787477030.2189,c7d8e9f0,release
1787477030.641,b9c1d2e5,press
1787477030.9855,b9c1d2e5,release
1787477031.4111,f1a2b3c4,press
1787477031.7183,f1a2b3c4,release
1787477032.2111,f1a2b3c4,press
1787477032.4991,f1a2b3c4,release
1787477032.9882,f1a2b3c4,press
1787477033.2534,f1a2b3c4,release
1787477033.7276,c7d8e9f0,press
1787477034.0859,c7d8e9f0,release
1787477034.5017,f1a2b3c4,press
1787477034.8316,f1a2b3c4,release
1787477035.3618,f1a2b3c4,press
1787477035.7164,f1a2b3c4,release
1787477036.3806,a8f2b3e4,press
1787477036.76,a8f2b3e4,release
1787477037.166,b9c1d2e5,press
1787477037.4087,b9c1d2e5,release
1787477037.862,e3f4a5b6,press
1787477038.2295,e3f4a5b6,release
1787477038.6905,e3f4a5b6,press
1787477038.9627,e3f4a5b6,release
1787477039.5122,e3f4a5b6,press
1787477039.8458,e3f4a5b6,release
1787477040.543,c7d8e9f0,press
1787477040.8529,c7d8e9f0,release
1787477041.5171,b9c1d2e5,press
1787477041.794,b9c1d2e5,release
1787477042.4112,a8f2b3e4,press
1787477042.6797,a8f2b3e4,release
1787477043.0896,f1a2b3c4,press
1787477043.3778,f1a2b3c4,release
1787477044.0676,a8f2b3e4,press
1787477044.403,a8f2b3e4,release
1787477044.7701,b9c1d2e5,press
1787477045.104,b9c1d2e5,release
1787477045.7326,c7d8e9f0,press
1787477046.0242,c7d8e9f0,release
1787477046.4997,a8f2b3e4,press
1787477046.7971,a8f2b3e4,release
1787477047.4264,c7d8e9f0,press
1787477047.7505,c7d8e9f0,release
1787477048.3486,a8f2b3e4,press
1787477048.6547,a8f2b3e4,release
1787477049.18,b9c1d2e5,press
1787477049.5293,b9c1d2e5,release
1787477049.8951,c7d8e9f0,press
1787477050.2455,c7d8e9f0,release
1787477050.7138,f1a2b3c4,press
1787477051.0273,f1a2b3c4,release
1787477051.5394,a8f2b3e4,press
1787477051.8596,a8f2b3e4,release
1787477052.3199,a8f2b3e4,press
1787477052.6436,a8f2b3e4,release
1787477053.0346,a8f2b3e4,press
1787477053.3353,a8f2b3e4,release
1787477053.7312,a8f2b3e4,press
1787477054.0868,a8f2b3e4,release
1787477054.7501,b9c1d2e5,press
1787477055.0849,b9c1d2e5,release
1787477055.4968,e3f4a5b6,press
1787477055.7379,e3f4a5b6,release
1787477056.3332,f1a2b3c4,press
1787477056.6034,f1a2b3c4,release
1787477057.2472,f1a2b3c4,press
1787477057.6196,f1a2b3c4,release
1787477058.2997,f1a2b3c4,press
1787477058.5893,f1a2b3c4,release
1787477059.0268,a8f2b3e4,press
1787477059.3042,a8f2b3e4,release
1787477059.9308,f1a2b3c4,press
1787477060.2398,f1a2b3c4,release
1787477060.6815,a8f2b3e4,press
1787477061.0479,a8f2b3e4,release
1787477061.4311,c7d8e9f0,press
1787477061.6923,c7d8e9f0,release
1787477062.1859,c7d8e9f0,press
1787477062.4695,c7d8e9f0,release
1787477062.961,e3f4a5b6,press
1787477063.3046,e3f4a5b6,release
1787477063.7333,f1a2b3c4,press
1787477063.9551,f1a2b3c4,release
1787477064.592,c7d8e9f0,press
1787477064.8505,c7d8e9f0,release
1787477065.5145,a8f2b3e4,press
1787477065.8029,a8f2b3e4,release
1787477066.3222,a8f2b3e4,press
1787477066.6942,a8f2b3e4,release
1787477067.2153,a8f2b3e4,press
1787477067.5808,a8f2b3e4,release
1787477068.056,b9c1d2e5,press
1787477068.3125,b9c1d2e5,release
1787477068.8918,a8f2b3e4,press
1787477069.255,a8f2b3e4,release
1787477069.7561,c7d8e9f0,press
1787477070.0902,c7d8e9f0,release
1787477070.72,e3f4a5b6,press
1787477071.0384,e3f4a5b6,release
1787477071.6991,e3f4a5b6,press
1787477071.925,e3f4a5b6,release
1787477072.5437,a8f2b3e4,press
1787477072.8444,a8f2b3e4,release
1787477073.4462,a8f2b3e4,press
1787477073.7865,a8f2b3e4,release
1787477074.21,f1a2b3c4,press
1787477074.4688,f1a2b3c4,release
1787477075.0514,f1a2b3c4,press
1787477075.3295,f1a2b3c4,release
1787477075.8954,f1a2b3c4,press
1787477076.1385,f1a2b3c4,release
1787477076.6745,f1a2b3c4,press
1787477076.9187,f1a2b3c4,release
1787477077.4144,f1a2b3c4,press
1787477077.6683,f1a2b3c4,release
1787477078.0336,b9c1d2e5,press
1787477078.4009,b9c1d2e5,release
1787477078.8908,e3f4a5b6,press
1787477079.2141,e3f4a5b6,release
1787477079.6946,c7d8e9f0,press
1787477080.0292,c7d8e9f0,release
1787477080.5749,c7d8e9f0,press
1787477080.9157,c7d8e9f0,release
1787477081.4461,a8f2b3e4,press
1787477081.6912,a8f2b3e4,release
1787477082.0978,a8f2b3e4,press
1787477082.3244,a8f2b3e4,release
1787477082.9323,f1a2b3c4,press
1787477083.1617,f1a2b3c4,release
1787477083.8527,b9c1d2e5,press
1787477084.167,b9c1d2e5,release
1787477084.7407,a8f2b3e4,press
1787477085.0967,a8f2b3e4,release
1787477085.6116,e3f4a5b6,press
1787477085.8333,e3f4a5b6,release
1787477086.3213,a8f2b3e4,press
1787477086.5991,a8f2b3e4,release
1787477086.9875,c7d8e9f0,press
1787477087.3343,c7d8e9f0,release
1787477088.0112,e3f4a5b6,press
1787477088.2429,e3f4a5b6,release
1787477088.6155,f1a2b3c4,press
1787477088.843,f1a2b3c4,release
1787477089.2535,e3f4a5b6,press
1787477089.6108,e3f4a5b6,release
1787477090.1492,c7d8e9f0,press
1787477090.5186,c7d8e9f0,release
1787477090.9435,f1a2b3c4,press
1787477091.2325,f1a2b3c4,release
1787477091.8512,a8f2b3e4,press
1787477092.1071,a8f2b3e4,release
1787477092.4574,f1a2b3c4,press
1787477092.7209,f1a2b3c4,release
1787477093.2031,f1a2b3c4,press
1787477093.5348,f1a2b3c4,release
1787477094.1539,c7d8e9f0,press
1787477094.3785,c7d8e9f0,release
1787477094.7774,e3f4a5b6,press
1787477095.0334,e3f4a5b6,release
1787477095.5367,f1a2b3c4,press
1787477095.8103,f1a2b3c4,release
1787477096.503,e3f4a5b6,press
1787477096.8014,e3f4a5b6,release
1787477097.3857,f1a2b3c4,press
1787477097.6065,f1a2b3c4,release
1787477097.9912,b9c1d2e5,press
1787477098.2386,b9c1d2e5,release
1787477098.598,a8f2b3e4,press
1787477098.9125,a8f2b3e4,release
1787477099.5262,b9c1d2e5,press
1787477099.8831,b9c1d2e5,release
1787477100.4603,a8f2b3e4,press
1787477100.8242,a8f2b3e4,release
1787477101.4379,f1a2b3c4,press
1787477101.7331,f1a2b3c4,release
1787477102.3669,e3f4a5b6,press
1787477102.5942,e3f4a5b6,release
1787477103.0533,c7d8e9f0,press
1787477103.3648,c7d8e9f0,release
1787477104.0286,b9c1d2e5,press
1787477104.3193,b9c1d2e5,release
1787477104.7754,c7d8e9f0,press
1787477105.0885,c7d8e9f0,release
1787477105.4486,e3f4a5b6,press
1787477105.7822,e3f4a5b6,release
1787477106.1689,c7d8e9f0,press
1787477106.392,c7d8e9f0,release
1787477106.9869,b9c1d2e5,press
1787477107.2526,b9c1d2e5,release
1787477107.8796,a8f2b3e4,press
1787477108.1214,a8f2b3e4,release
1787477108.6765,b9c1d2e5,press
1787477109.0489,b9c1d2e5,release
1787477109.5011,b9c1d2e5,press
1787477109.7763,b9c1d2e5,release
1787477110.4084,c7d8e9f0,press
1787477110.6621,c7d8e9f0,release
1787477111.3347,a8f2b3e4,press
1787477111.7073,a8f2b3e4,release
1787477112.3438,f1a2b3c4,press
1787477112.5846,f1a2b3c4,release
1787477113.0518,f1a2b3c4,press
1787477113.2998,f1a2b3c4,release
1787477113.6524,a8f2b3e4,press
1787477113.898,a8f2b3e4,release
1787477114.5717,e3f4a5b6,press
1787477114.8223,e3f4a5b6,release
1787477115.4233,e3f4a5b6,press
1787477115.7841,e3f4a5b6,release
1787477116.2205,c7d8e9f0,press
1787477116.5562,c7d8e9f0,release
1787477117.0276,b9c1d2e5,press
1787477117.3266,b9c1d2e5,release
1787477117.725,f1a2b3c4,press
1787477118.0967,f1a2b3c4,release
1787477118.6121,e3f4a5b6,press
1787477118.8545,e3f4a5b6,release
1787477119.2533,a8f2b3e4,press
1787477119.6274,a8f2b3e4,release
1787477120.2031,a8f2b3e4,press
1787477120.5187,a8f2b3e4,release
1787477121.047,c7d8e9f0,press
1787477121.3119,c7d8e9f0,release
1787477121.6999,f1a2b3c4,press
1787477122.0419,f1a2b3c4,release
1787477122.7395,b9c1d2e5,press
1787477123.0354,b9c1d2e5,release
1787477123.6751,f1a2b3c4,press
1787477124.0254,f1a2b3c4,release
1787477124.6928,a8f2b3e4,press
1787477124.9814,a8f2b3e4,release
1787477125.5964,f1a2b3c4,press
1787477125.818,f1a2b3c4,release
1787477126.2068,e3f4a5b6,press
1787477126.5731,e3f4a5b6,release
1787477127.139,a8f2b3e4,press
1787477127.363,a8f2b3e4,release
1787477127.7695,a8f2b3e4,press
1787477128.0777,a8f2b3e4,release
1787477128.7658,c7d8e9f0,press
1787477129.0387,c7d8e9f0,release
1787477129.7337,e3f4a5b6,press
1787477130.0477,e3f4a5b6,release
1787477130.6649,f1a2b3c4,press
1787477130.9433,f1a2b3c4,release
1787477131.3156,c7d8e9f0,press
1787477131.6128,c7d8e9f0,release
1787477132.1161,e3f4a5b6,press
1787477132.4669,e3f4a5b6,release
1787477132.8233,f1a2b3c4,press
1787477133.1318,f1a2b3c4,release
1787477133.666,e3f4a5b6,press
1787477134.0132,e3f4a5b6,release
1787477134.5098,c7d8e9f0,press
1787477134.7558,c7d8e9f0,release
1787477135.1644,b9c1d2e5,press
1787477135.4191,b9c1d2e5,release
1787477136.0944,b9c1d2e5,press
1787477136.4175,b9c1d2e5,release
1787477137.0797,f1a2b3c4,press
1787477137.4196,f1a2b3c4,release
1787477138.0268,f1a2b3c4,press
1787477138.2593,f1a2b3c4,release
1787477138.8267,c7d8e9f0,press
1787477139.1681,c7d8e9f0,release
1787477139.5648,c7d8e9f0,press
1787477139.8223,c7d8e9f0,release
1787477140.3507,f1a2b3c4,press
1787477140.6814,f1a2b3c4,release
1787477141.2197,f1a2b3c4,press
1787477141.5679,f1a2b3c4,release
1787477142.0075,a8f2b3e4,press
1787477142.2961,a8f2b3e4,release
1787477142.833,a8f2b3e4,press
1787477143.1721,a8f2b3e4,release
1787477143.7706,c7d8e9f0,press
1787477144.006,c7d8e9f0,release
1787477144.3665,a8f2b3e4,press
1787477144.6555,a8f2b3e4,release
1787477145.1791,c7d8e9f0,press
1787477145.4629,c7d8e9f0,release
1787477145.9889,b9c1d2e5,press
1787477146.2446,b9c1d2e5,release
1787477146.9,f1a2b3c4,press
1787477147.1679,f1a2b3c4,release
1787477147.7355,a8f2b3e4,press
1787477147.9574,a8f2b3e4,release
1787477148.575,e3f4a5b6,press
1787477148.8879,e3f4a5b6,release
1787477149.5332,f1a2b3c4,press
1787477149.8044,f1a2b3c4,release
1787477150.4484,e3f4a5b6,press
1787477150.6955,e3f4a5b6,release
1787477151.0973,c7d8e9f0,press
1787477151.398,c7d8e9f0,release
1787477151.8372,a8f2b3e4,press
1787477152.0817,a8f2b3e4,release
1787477152.5863,c7d8e9f0,press
1787477152.947,c7d8e9f0,release
1787477153.4117,c7d8e9f0,press
1787477153.7406,c7d8e9f0,release
1787477154.3921,b9c1d2e5,press
1787477154.7651,b9c1d2e5,release
1787477155.4561,b9c1d2e5,press
1787477155.8244,b9c1d2e5,release
1787477156.4424,f1a2b3c4,press
1787477156.7086,f1a2b3c4,release
1787477157.3587,a8f2b3e4,press
1787477157.607,a8f2b3e4,release
1787477158.0357,f1a2b3c4,press
1787477158.4095,f1a2b3c4,release
1787477159.0437,f1a2b3c4,press
1787477159.2712,f1a2b3c4,release
1787477159.7159,e3f4a5b6,press
1787477159.9662,e3f4a5b6,release
1787477160.6333,b9c1d2e5,press
1787477160.9695,b9c1d2e5,release
1787477161.635,e3f4a5b6,press
1787477161.9581,e3f4a5b6,release
1787477162.438,c7d8e9f0,press
1787477162.7006,c7d8e9f0,release
1787477163.0532,b9c1d2e5,press
1787477163.3416,b9c1d2e5,release
1787477163.9804,e3f4a5b6,press
1787477164.2727,e3f4a5b6,release
1787477164.8736,e3f4a5b6,press
1787477165.1616,e3f4a5b6,release
1787477165.5286,f1a2b3c4,press
1787477165.8434,f1a2b3c4,release
1787477166.3431,a8f2b3e4,press
1787477166.7098,a8f2b3e4,release
1787477167.2848,e3f4a5b6,press
1787477167.5247,e3f4a5b6,release
1787477168.0442,e3f4a5b6,press
1787477168.403,e3f4a5b6,release
1787477168.9192,e3f4a5b6,press
1787477169.1954,e3f4a5b6,release
1787477169.6457,a8f2b3e4,press
1787477169.8878,a8f2b3e4,release
1787477170.3204,a8f2b3e4,press
1787477170.5841,a8f2b3e4,release
1787477170.9611,e3f4a5b6,press
1787477171.2661,e3f4a5b6,release
1787477171.653,e3f4a5b6,press
1787477171.8755,e3f4a5b6,release
1787477172.2728,c7d8e9f0,press
1787477172.5884,c7d8e9f0,release
1787477173.1058,f1a2b3c4,press
1787477173.4139,f1a2b3c4,release
1787477173.9837,f1a2b3c4,press
1787477174.2267,f1a2b3c4,release
1787477174.8651,e3f4a5b6,press
1787477175.1909,e3f4a5b6,release
1787477175.5759,f1a2b3c4,press
1787477175.8891,f1a2b3c4,release
1787477176.5063,b9c1d2e5,press
1787477176.7888,b9c1d2e5,release
1787477177.4657,f1a2b3c4,press
1787477177.7322,f1a2b3c4,release
1787477178.3035,b9c1d2e5,press
1787477178.599,b9c1d2e5,release
1787477179.2945,f1a2b3c4,press
1787477179.5152,f1a2b3c4,release
1787477179.9349,b9c1d2e5,press
1787477180.2112,b9c1d2e5,release
1787477180.8568,f1a2b3c4,press
1787477181.124,f1a2b3c4,release
1787477181.6102,e3f4a5b6,press
1787477181.8872,e3f4a5b6,release
1787477182.3845,c7d8e9f0,press
1787477182.7258,c7d8e9f0,release
1787477183.1025,c7d8e9f0,press
1787477183.4188,c7d8e9f0,release
1787477183.9112,b9c1d2e5,press
1787477184.2036,b9c1d2e5,release
1787477184.572,c7d8e9f0,press
1787477184.8928,c7d8e9f0,release
1787477185.363,b9c1d2e5,press
1787477185.6138,b9c1d2e5,release
1787477186.2401,f1a2b3c4,press
1787477186.5793,f1a2b3c4,release
1787477186.9343,f1a2b3c4,press
1787477187.2917,f1a2b3c4,release
1787477187.9745,f1a2b3c4,press
1787477188.3468,f1a2b3c4,release
1787477188.8157,f1a2b3c4,press
1787477189.1749,f1a2b3c4,release
1787477189.71,a8f2b3e4,press
1787477190.059,a8f2b3e4,release
1787477190.468,a8f2b3e4,press
1787477190.8328,a8f2b3e4,release
1787477191.3228,c7d8e9f0,press
1787477191.6585,c7d8e9f0,release
1787477192.1442,a8f2b3e4,press
1787477192.4768,a8f2b3e4,release
1787477192.8408,f1a2b3c4,press
1787477193.1724,f1a2b3c4,release
1787477193.5238,f1a2b3c4,press
1787477193.8031,f1a2b3c4,release
1787477194.2973,e3f4a5b6,press
1787477194.5272,e3f4a5b6,release
1787477195.1101,c7d8e9f0,press
1787477195.4257,c7d8e9f0,release
1787477196.0443,c7d8e9f0,press
1787477196.3449,c7d8e9f0,release
1787477196.8333,b9c1d2e5,press
1787477197.0945,b9c1d2e5,release
1787477197.4517,f1a2b3c4,press
1787477197.7595,f1a2b3c4,release
1787477198.2508,b9c1d2e5,press
1787477198.5223,b9c1d2e5,release
1787477199.0954,e3f4a5b6,press
1787477199.4743,e3f4a5b6,release
1787477200.0483,c7d8e9f0,press
1787477200.4168,c7d8e9f0,release
1787477201.0472,c7d8e9f0,press
1787477201.3771,c7d8e9f0,release
1787477201.7979,f1a2b3c4,press
1787477202.1054,f1a2b3c4,release
1787477202.4647,b9c1d2e5,press
1787477202.7628,b9c1d2e5,release
1787477203.375,f1a2b3c4,press
1787477203.6289,f1a2b3c4,release
1787477204.2163,e3f4a5b6,press
1787477204.5393,e3f4a5b6,release
1787477204.9508,a8f2b3e4,press
1787477205.1938,a8f2b3e4,release
1787477205.8116,c7d8e9f0,press
1787477206.1715,c7d8e9f0,release
1787477206.7331,b9c1d2e5,press
1787477207.0848,b9c1d2e5,release
1787477207.5727,f1a2b3c4,press
1787477207.8818,f1a2b3c4,release
1787477208.533,a8f2b3e4,press
1787477208.7797,a8f2b3e4,release
1787477209.3507,c7d8e9f0,press
1787477209.7023,c7d8e9f0,release
1787477210.3638,f1a2b3c4,press
1787477210.7149,f1a2b3c4,release
1787477211.3712,c7d8e9f0,press
1787477211.7021,c7d8e9f0,release
1787477212.1092,e3f4a5b6,press
1787477212.4802,e3f4a5b6,release
1787477213.1341,f1a2b3c4,press
1787477213.4759,f1a2b3c4,release
1787477213.9782,f1a2b3c4,press
1787477214.3471,f1a2b3c4,release
1787477214.7826,e3f4a5b6,press
1787477215.0605,e3f4a5b6,release
1787477215.7097,a8f2b3e4,press
1787477216.0092,a8f2b3e4,release
1787477216.5131,f1a2b3c4,press
1787477216.8919,f1a2b3c4,release
1787477217.2641,c7d8e9f0,press
1787477217.6435,c7d8e9f0,release
1787477218.076,b9c1d2e5,press
1787477218.3353,b9c1d2e5,release
1787477218.9294,e3f4a5b6,press
1787477219.1704,e3f4a5b6,release
1787477219.6687,e3f4a5b6,press
1787477220.034,e3f4a5b6,release
1787477220.6585,e3f4a5b6,press
1787477221.0376,e3f4a5b6,release
1787477221.5006,b9c1d2e5,press
1787477221.7946,b9c1d2e5,release
1787477222.4903,e3f4a5b6,press
1787477222.8042,e3f4a5b6,release
1787477223.194,a8f2b3e4,press
1787477223.5307,a8f2b3e4,release
1787477224.1859,c7d8e9f0,press
1787477224.5132,c7d8e9f0,release
1787477225.1748,e3f4a5b6,press
1787477225.5264,e3f4a5b6,release
1787477226.0462,f1a2b3c4,press
1787477226.4204,f1a2b3c4,release
1787477227.003,f1a2b3c4,press
1787477227.3648,f1a2b3c4,release
1787477227.8109,e3f4a5b6,press
1787477228.1612,e3f4a5b6,release
1787477228.7023,f1a2b3c4,press
1787477228.9902,f1a2b3c4,release
1787477229.3711,c7d8e9f0,press
1787477229.5951,c7d8e9f0,release
1787477230.0553,c7d8e9f0,press
1787477230.3731,c7d8e9f0,release
1787477230.9124,a8f2b3e4,press
1787477231.1474,a8f2b3e4,release
1787477231.6207,f1a2b3c4,press
1787477231.9925,f1a2b3c4,release
1787477232.4628,c7d8e9f0,press
1787477232.7977,c7d8e9f0,release
1787477233.2987,b9c1d2e5,press
1787477233.6625,b9c1d2e5,release
1787477234.109,e3f4a5b6,press
1787477234.4519,e3f4a5b6,release
1787477234.8738,b9c1d2e5,press
1787477235.098,b9c1d2e5,release
1787477235.5737,e3f4a5b6,press
1787477235.9103,e3f4a5b6,release
1787477236.585,f1a2b3c4,press
1787477236.8198,f1a2b3c4,release
1787477237.2563,c7d8e9f0,press
1787477237.5507,c7d8e9f0,release
1787477238.2242,f1a2b3c4,press
1787477238.5133,f1a2b3c4,release
1787477238.9413,b9c1d2e5,press
1787477239.1928,b9c1d2e5,release
1787477239.839,b9c1d2e5,press
1787477240.1908,b9c1d2e5,release
1787477240.6005,a8f2b3e4,press
1787477240.9179,a8f2b3e4,release
1787477241.3115,e3f4a5b6,press
1787477241.5575,e3f4a5b6,release
1787477241.9537,f1a2b3c4,press
1787477242.2175,f1a2b3c4,release
1787477242.8945,a8f2b3e4,press
1787477243.1855,a8f2b3e4,release
1787477243.6125,e3f4a5b6,press
1787477243.9761,e3f4a5b6,release
1787477244.6749,e3f4a5b6,press
1787477244.9291,e3f4a5b6,release
1787477245.3235,c7d8e9f0,press
1787477245.5699,c7d8e9f0,release
1787477246.0032,f1a2b3c4,press
1787477246.2858,f1a2b3c4,release
1787477246.8072,e3f4a5b6,press
1787477247.1626,e3f4a5b6,release
1787477247.7533,b9c1d2e5,press
1787477248.0433,b9c1d2e5,release
1787477248.6456,c7d8e9f0,press
1787477248.9908,c7d8e9f0,release
1787477249.4444,e3f4a5b6,press
1787477249.7109,e3f4a5b6,release
1787477250.2704,c7d8e9f0,press
1787477250.6023,c7d8e9f0,release
1787477251.2377,a8f2b3e4,press
1787477251.5469,a8f2b3e4,release
1787477252.0772,c7d8e9f0,press
1787477252.3144,c7d8e9f0,release
1787477252.9743,e3f4a5b6,press
1787477253.257,e3f4a5b6,release
1787477253.6274,c7d8e9f0,press
1787477253.8807,c7d8e9f0,release
1787477254.4073,f1a2b3c4,press
1787477254.6661,f1a2b3c4,release
1787477255.116,b9c1d2e5,press
1787477255.3411,b9c1d2e5,release
1787477256.0371,f1a2b3c4,press
1787477256.3859,f1a2b3c4,release
1787477256.7945,f1a2b3c4,press
1787477257.0589,f1a2b3c4,release
1787477257.7368,e3f4a5b6,press
1787477257.9865,e3f4a5b6,release
1787477258.6411,c7d8e9f0,press
1787477258.8655,c7d8e9f0,release
1787477259.2401,c7d8e9f0,press
1787477259.538,c7d8e9f0,release
1787477260.2265,f1a2b3c4,press
1787477260.4829,f1a2b3c4,release
1787477260.9684,f1a2b3c4,press
1787477261.2877,f1a2b3c4,release
1787477261.9394,f1a2b3c4,press
1787477262.1838,f1a2b3c4,release
1787477262.8819,c7d8e9f0,press
1787477263.2592,c7d8e9f0,release
1787477263.8667,b9c1d2e5,press
1787477264.1882,b9c1d2e5,release
1787477264.8536,b9c1d2e5,press
1787477265.2233,b9c1d2e5,release
1787477265.8779,b9c1d2e5,press
1787477266.1097,b9c1d2e5,release
1787477266.5982,a8f2b3e4,press
1787477266.8829,a8f2b3e4,release
1787477267.3208,c7d8e9f0,press
1787477267.7,c7d8e9f0,release
1787477268.111,c7d8e9f0,press
1787477268.372,c7d8e9f0,release
1787477269.0438,a8f2b3e4,press
1787477269.3087,a8f2b3e4,release
1787477269.7301,b9c1d2e5,press
1787477270.0996,b9c1d2e5,release
1787477270.7712,f1a2b3c4,press
1787477270.9941,f1a2b3c4,release
1787477271.576,b9c1d2e5,press
1787477271.9322,b9c1d2e5,release
1787477272.6232,e3f4a5b6,press
1787477272.867,e3f4a5b6,release
1787477273.3615,e3f4a5b6,press
1787477273.6533,e3f4a5b6,release
1787477274.1218,f1a2b3c4,press
1787477274.3927,f1a2b3c4,release
1787477274.8623,e3f4a5b6,press
1787477275.1879,e3f4a5b6,release
1787477275.7501,c7d8e9f0,press
1787477276.0881,c7d8e9f0,release
1787477276.6585,b9c1d2e5,press
1787477276.9576,b9c1d2e5,release
1787477277.3573,f1a2b3c4,press
1787477277.693,f1a2b3c4,release
1787477278.2491,e3f4a5b6,press
1787477278.5447,e3f4a5b6,release
1787477279.1232,a8f2b3e4,press
1787477279.3975,a8f2b3e4,release
1787477279.8387,b9c1d2e5,press
1787477280.1789,b9c1d2e5,release
1787477280.7744,a8f2b3e4,press
1787477281.0031,a8f2b3e4,release
1787477281.5528,e3f4a5b6,press
1787477281.9286,e3f4a5b6,release
1787477282.5729,b9c1d2e5,press
1787477282.8006,b9c1d2e5,release
1787477283.4311,e3f4a5b6,press
1787477283.7586,e3f4a5b6,release
1787477284.1697,b9c1d2e5,press
1787477284.4634,b9c1d2e5,release
1787477284.9759,c7d8e9f0,press
1787477285.3059,c7d8e9f0,release
1787477285.8266,a8f2b3e4,press
1787477286.1838,a8f2b3e4,release
1787477286.7981,c7d8e9f0,press
1787477287.0933,c7d8e9f0,release
1787477287.4555,b9c1d2e5,press
1787477287.7762,b9c1d2e5,release
1787477288.2664,a8f2b3e4,press
1787477288.5573,a8f2b3e4,release
1787477289.1415,a8f2b3e4,press
1787477289.4226,a8f2b3e4,release
1787477289.9841,c7d8e9f0,press
1787477290.2137,c7d8e9f0,release
1787477290.6381,f1a2b3c4,press
1787477290.9773,f1a2b3c4,release
1787477291.6374,c7d8e9f0,press
1787477291.9742,c7d8e9f0,release
1787477292.5498,a8f2b3e4,press
1787477292.8051,a8f2b3e4,release
1787477293.306,e3f4a5b6,press
1787477293.5555,e3f4a5b6,release
1787477294.0314,e3f4a5b6,press
1787477294.3783,e3f4a5b6,release
1787477294.7864,c7d8e9f0,press
1787477295.1208,c7d8e9f0,release
1787477295.7287,b9c1d2e5,press
1787477296.0209,b9c1d2e5,release
1787477296.4487,b9c1d2e5,press
1787477296.7755,b9c1d2e5,release
1787477297.1666,a8f2b3e4,press
1787477297.5435,a8f2b3e4,release
1787477298.1456,f1a2b3c4,press
1787477298.4211,f1a2b3c4,release
1787477298.8301,e3f4a5b6,press
1787477299.1241,e3f4a5b6,release
1787477299.4794,f1a2b3c4,press
1787477299.7396,f1a2b3c4,release
